{
    "train": {
        "mse": 0.1261509507894516,
        "rmse": 0.3551773511774809,
        "r2": -0.5242075108341746
    },
    "validation": {
        "mse": 0.01081114262342453,
        "rmse": 0.10397664460552923,
        "r2": -18.583994545533148
    },
    "test": {
        "mse": 0.13737043738365173,
        "rmse": 0.37063518098482195,
        "r2": -11.610748896177551
    },
    "predictions": {
        "train": {
            "image_ids": [
                "COCO_train2014_000000270198",
                "COCO_train2014_000000326757",
                "COCO_train2014_000000061842",
                "COCO_train2014_000000229990",
                "COCO_train2014_000000291207",
                "COCO_train2014_000000413297"
            ],
            "true_scores": [
                0.6812572367867317,
                0.5680181711900152,
                0.1382658862288035,
                0.0655431042733653,
                0.756304510530224,
                0.7717933769296784
            ],
            "predicted_scores": [
                [
                    0.9810216426849365
                ],
                [
                    0.6480986475944519
                ],
                [
                    0.4541783332824707
                ],
                [
                    0.5087977051734924
                ],
                [
                    0.9613163471221924
                ],
                [
                    1.3395335674285889
                ]
            ]
        },
        "validation": {
            "image_ids": [
                "COCO_train2014_000000125275",
                "COCO_train2014_000000533006"
            ],
            "true_scores": [
                0.7934889246960416,
                0.7464978537909561
            ],
            "predicted_scores": [
                [
                    0.8146469593048096
                ],
                [
                    0.6009828448295593
                ]
            ]
        },
        "test": {
            "image_ids": [
                "COCO_train2014_000000185945",
                "COCO_train2014_000000335775"
            ],
            "true_scores": [
                0.2144203104962755,
                0.0056800608501824
            ],
            "predicted_scores": [
                [
                    0.4867124557495117
                ],
                [
                    0.45356157422065735
                ]
            ]
        }
    }
}