mse,rmse,mae,r2,accuracy,precision,recall,f1,auc_roc
0.048849065,0.22101824,0.20029977,0.49261404635172545,0.7,1.0,0.5,0.6666666666666666,0.9583333333333334
